date,rate
01.01.2017,995.4
02.01.2017,1017.0
03.01.2017,1033.3
04.01.2017,1135.4
05.01.2017,989.3
06.01.2017,886.2
07.01.2017,888.9
08.01.2017,900.9
09.01.2017,899.8
10.01.2017,904.4
11.01.2017,785.4
12.01.2017,810.1
13.01.2017,824.8
14.01.2017,819.6
15.01.2017,821.2
16.01.2017,827.3
17.01.2017,899.7
18.01.2017,872.0
19.01.2017,895.2
20.01.2017,892.9
21.01.2017,919.8
22.01.2017,918.8
23.01.2017,921.5
24.01.2017,893.8
25.01.2017,894.4
26.01.2017,915.6
27.01.2017,918.0
28.01.2017,918.5
29.01.2017,914.5
30.01.2017,920.7
31.01.2017,965.5
01.02.2017,982.4
02.02.2017,1004.0
03.02.2017,1013.0
04.02.2017,1031.8
05.02.2017,1016.1
06.02.2017,1024.7
07.02.2017,1049.6
08.02.2017,1055.5
09.02.2017,979.0
10.02.2017,997.6
11.02.2017,1008.3
12.02.2017,996.5
13.02.2017,995.4
14.02.2017,1008.3
15.02.2017,1008.2
16.02.2017,1031.9
17.02.2017,1049.4
18.02.2017,1052.3
19.02.2017,1048.9
20.02.2017,1077.6
21.02.2017,1119.0
22.02.2017,1120.5
23.02.2017,1171.9
24.02.2017,1176.5
25.02.2017,1149.1
26.02.2017,1171.6
27.02.2017,1188.8
28.02.2017,1189.3
01.03.2017,1222.7
02.03.2017,1255.5
03.03.2017,1283.3
04.03.2017,1264.3
05.03.2017,1271.2
06.03.2017,1277.0
07.03.2017,1232.7
08.03.2017,1147.0
09.03.2017,1191.3
10.03.2017,1112.4
11.03.2017,1179.2
12.03.2017,1225.1
13.03.2017,1238.2
14.03.2017,1243.1
15.03.2017,1253.4
16.03.2017,1172.9
17.03.2017,1071.7
18.03.2017,971.4
19.03.2017,1022.6
20.03.2017,1047.5
21.03.2017,1121.3
22.03.2017,1044.7
23.03.2017,1035.0
24.03.2017,939.7
25.03.2017,966.3
26.03.2017,969.4
27.03.2017,1045.1
28.03.2017,1044.4
29.03.2017,1041.9
30.03.2017,1037.9
31.03.2017,1079.1
01.04.2017,1086.1
02.04.2017,1097.4
03.04.2017,1147.6
04.04.2017,1141.8
05.04.2017,1129.9
06.04.2017,1188.7
07.04.2017,1190.5
08.04.2017,1180.8
09.04.2017,1204.3
10.04.2017,1206.7
11.04.2017,1220.7
12.04.2017,1212.5
13.04.2017,1176.2
14.04.2017,1177.3
15.04.2017,1177.0
16.04.2017,1176.8
17.04.2017,1194.0
18.04.2017,1206.1
19.04.2017,1215.2
20.04.2017,1238.1
21.04.2017,1249.6
22.04.2017,1240.9
23.04.2017,1249.1
24.04.2017,1248.2
25.04.2017,1264.3
26.04.2017,1286.6
27.04.2017,1332.9
28.04.2017,1329.6
29.04.2017,1336.3
30.04.2017,1351.9
01.05.2017,1415.8
02.05.2017,1445.9
03.05.2017,1485.6
04.05.2017,1516.8
05.05.2017,1507.8
06.05.2017,1545.3
07.05.2017,1554.4
08.05.2017,1664.5
09.05.2017,1697.5
10.05.2017,1752.3
11.05.2017,1819.3
12.05.2017,1686.4
13.05.2017,1763.7
14.05.2017,1772.6
15.05.2017,1708.9
16.05.2017,1729.3
17.05.2017,1801.3
18.05.2017,1881.0
19.05.2017,1962.0
20.05.2017,2040.2
21.05.2017,2044.2
22.05.2017,2124.4
23.05.2017,2272.6
24.05.2017,2445.3
25.05.2017,2307.2
26.05.2017,2244.9
27.05.2017,2052.4
28.05.2017,2189.0
29.05.2017,2278.2
30.05.2017,2192.6
31.05.2017,2303.3
01.06.2017,2412.6
02.06.2017,2492.6
03.06.2017,2545.4
04.06.2017,2524.1
05.06.2017,2705.0
06.06.2017,2870.5
07.06.2017,2691.5
08.06.2017,2798.8
09.06.2017,2811.4
10.06.2017,2900.3
11.06.2017,2973.4
12.06.2017,2656.8
13.06.2017,2713.0
14.06.2017,2467.3
15.06.2017,2442.5
16.06.2017,2508.6
17.06.2017,2655.1
18.06.2017,2539.6
19.06.2017,2616.8
20.06.2017,2754.4
21.06.2017,2677.6
22.06.2017,2722.8
23.06.2017,2710.4
24.06.2017,2590.1
25.06.2017,2541.6
26.06.2017,2446.1
27.06.2017,2583.8
28.06.2017,2577.7
29.06.2017,2558.4
30.06.2017,2480.6
01.07.2017,2424.6
02.07.2017,2536.5
03.07.2017,2572.5
04.07.2017,2617.3
05.07.2017,2627.9
06.07.2017,2614.2
07.07.2017,2513.9
08.07.2017,2564.9
09.07.2017,2511.4
10.07.2017,2344.0
11.07.2017,2324.3
12.07.2017,2403.1
13.07.2017,2362.4
14.07.2017,2234.2
15.07.2017,1975.1
16.07.2017,1914.1
17.07.2017,2233.4
18.07.2017,2320.2
19.07.2017,2282.6
20.07.2017,2866.0
21.07.2017,2675.1
22.07.2017,2836.5
23.07.2017,2756.6
24.07.2017,2763.4
25.07.2017,2582.6
26.07.2017,2559.2
27.07.2017,2691.9
28.07.2017,2806.8
29.07.2017,2733.5
30.07.2017,2766.5
31.07.2017,2883.3
01.08.2017,2747.0
02.08.2017,2720.5
03.08.2017,2810.0
04.08.2017,2878.5
05.08.2017,3262.8
06.08.2017,3232.0
07.08.2017,3401.9
08.08.2017,3429.4
09.08.2017,3348.8
10.08.2017,3425.7
11.08.2017,3654.4
12.08.2017,3871.6
13.08.2017,4062.6
14.08.2017,4327.9
15.08.2017,4161.7
16.08.2017,4387.4
17.08.2017,4278.9
18.08.2017,4105.4
19.08.2017,4150.5
20.08.2017,4066.6
21.08.2017,4005.1
22.08.2017,4089.7
23.08.2017,4141.1
24.08.2017,4318.4
25.08.2017,4364.4
26.08.2017,4352.3
27.08.2017,4345.8
28.08.2017,4390.3
29.08.2017,4597.3
30.08.2017,4583.0
31.08.2017,4735.1
01.09.2017,4921.9
02.09.2017,4573.8
03.09.2017,4612.9
04.09.2017,4267.5
05.09.2017,4409.1
06.09.2017,4618.7
07.09.2017,4635.6
08.09.2017,4326.5
09.09.2017,4335.1
10.09.2017,4245.9
11.09.2017,4217.9
12.09.2017,4158.9
13.09.2017,3870.3
14.09.2017,3243.1
15.09.2017,3713.8
16.09.2017,3698.9
17.09.2017,3689.6
18.09.2017,4100.3
19.09.2017,3908.0
20.09.2017,3882.2
21.09.2017,3617.3
22.09.2017,3600.8
23.09.2017,3788.0
24.09.2017,3667.5
25.09.2017,3932.8
26.09.2017,3892.7
27.09.2017,4212.2
28.09.2017,4195.6
29.09.2017,4172.8
30.09.2017,4360.6
01.10.2017,4403.1
02.10.2017,4401.3
03.10.2017,4314.2
04.10.2017,4218.7
05.10.2017,4321.4
06.10.2017,4371.9
07.10.2017,4435.8
08.10.2017,4611.7
09.10.2017,4777.5
10.10.2017,4763.4
11.10.2017,4824.2
12.10.2017,5432.6
13.10.2017,5637.3
14.10.2017,5824.7
15.10.2017,5688.1
16.10.2017,5759.3
17.10.2017,5598.6
18.10.2017,5575.8
19.10.2017,5698.6
20.10.2017,5993.1
21.10.2017,6006.6
22.10.2017,5982.9
23.10.2017,5903.6
24.10.2017,5513.1
25.10.2017,5734.0
26.10.2017,5887.6
27.10.2017,5764.6
28.10.2017,5726.6
29.10.2017,6147.5
30.10.2017,6124.3
31.10.2017,6451.2
01.11.2017,6737.8
02.11.2017,7024.8
03.11.2017,7152.1
04.11.2017,7363.8
05.11.2017,7389.5
06.11.2017,6959.2
07.11.2017,7102.8
08.11.2017,7444.4
09.11.2017,7129.6
10.11.2017,6565.8
11.11.2017,6339.9
12.11.2017,5878.1
13.11.2017,6522.5
14.11.2017,6597.1
15.11.2017,7283.2
16.11.2017,7853.7
17.11.2017,7700.0
18.11.2017,7780.9
19.11.2017,8042.6
20.11.2017,8244.7
21.11.2017,8100.0
22.11.2017,8234.5
23.11.2017,8013.4
24.11.2017,8200.8
25.11.2017,8754.7
26.11.2017,9318.4
27.11.2017,9733.2
28.11.2017,9906.0
29.11.2017,9837.9
30.11.2017,9946.8
01.12.2017,10861.5
02.12.2017,10912.7
03.12.2017,11246.2
04.12.2017,11623.9
05.12.2017,11667.1
06.12.2017,13749.6
07.12.2017,16850.3
08.12.2017,16047.6
09.12.2017,14843.4
10.12.2017,15059.6
11.12.2017,16732.5
12.12.2017,17083.9
13.12.2017,16286.8
14.12.2017,16467.9
15.12.2017,17604.8
16.12.2017,19345.5
17.12.2017,19065.7
18.12.2017,18972.3
19.12.2017,17523.7
20.12.2017,16462.0
21.12.2017,15632.1
22.12.2017,13665.0
23.12.2017,14396.5
24.12.2017,13790.0
25.12.2017,13833.5
26.12.2017,15756.6
27.12.2017,15416.6
28.12.2017,14398.7
29.12.2017,14392.6
30.12.2017,12531.5
31.12.2017,13850.4
01.01.2018,13444.9
02.01.2018,14754.1
03.01.2018,15156.6
04.01.2018,15180.1
05.01.2018,16954.8
06.01.2018,17172.3
07.01.2018,16228.2
08.01.2018,14976.2
09.01.2018,14778.5
10.01.2018,15043.0
11.01.2018,13535.4
12.01.2018,13886.7
13.01.2018,14292.2
14.01.2018,13695.2
15.01.2018,13697.5
16.01.2018,11362.0
17.01.2018,11192.3
18.01.2018,11245.4
19.01.2018,11580.2
20.01.2018,12858.9
21.01.2018,11594.9
22.01.2018,10864.8
23.01.2018,10903.2
24.01.2018,11452.3
25.01.2018,11203.0
26.01.2018,11118.1
27.01.2018,11467.5
28.01.2018,11795.1
29.01.2018,11244.8
30.01.2018,10166.0
31.01.2018,10265.4
01.02.2018,9181.1
02.02.2018,8893.2
03.02.2018,9241.1
04.02.2018,8222.2
05.02.2018,6938.5
06.02.2018,7701.2
07.02.2018,7594.7
08.02.2018,8164.2
09.02.2018,8699.8
10.02.2018,8559.6
11.02.2018,8081.9
12.02.2018,8903.5
13.02.2018,8539.2
14.02.2018,9476.3
15.02.2018,10037.3
16.02.2018,10178.7
17.02.2018,11073.5
18.02.2018,10398.8
19.02.2018,11169.4
20.02.2018,11238.7
21.02.2018,10473.0
22.02.2018,9841.7
23.02.2018,10170.4
24.02.2018,9704.3
25.02.2018,9585.2
26.02.2018,10285.1
27.02.2018,10594.4
28.02.2018,10333.9
01.03.2018,10904.5
02.03.2018,10827.7
03.03.2018,11402.3
04.03.2018,11416.5
05.03.2018,11330.6
06.03.2018,10675.1
07.03.2018,9902.9
08.03.2018,9300.0
09.03.2018,9217.0
10.03.2018,8762.0
11.03.2018,9529.6
12.03.2018,9137.4
13.03.2018,9154.9
14.03.2018,8210.6
15.03.2018,8264.4
16.03.2018,8289.2
17.03.2018,7874.9
18.03.2018,8201.2
19.03.2018,8616.8
20.03.2018,8912.6
21.03.2018,8905.9
22.03.2018,8726.2
23.03.2018,8916.8
24.03.2018,8547.4
25.03.2018,8473.2
26.03.2018,8143.5
27.03.2018,7801.7
28.03.2018,7954.9
29.03.2018,7129.2
30.03.2018,6853.7
31.03.2018,6938.2
01.04.2018,6825.2
02.04.2018,7068.4
03.04.2018,7424.2
04.04.2018,6808.9
05.04.2018,6782.0
06.04.2018,6624.3
07.04.2018,6905.7
08.04.2018,7030.5
09.04.2018,6781.9
10.04.2018,6854.8
11.04.2018,6962.1
12.04.2018,7926.6
13.04.2018,7887.4
14.04.2018,8004.4
15.04.2018,8363.6
16.04.2018,8070.0
17.04.2018,7908.6
18.04.2018,8178.4
19.04.2018,8290.8
20.04.2018,8867.0
21.04.2018,8923.1
22.04.2018,8806.7
23.04.2018,8952.8
24.04.2018,9645.3
25.04.2018,8873.1
26.04.2018,9287.0
27.04.2018,8940.9
28.04.2018,9352.4
29.04.2018,9415.1
30.04.2018,9245.1
01.05.2018,9074.9
02.05.2018,9243.2
03.05.2018,9749.7
04.05.2018,9708.6
05.05.2018,9853.5
06.05.2018,9656.4
07.05.2018,9431.6
08.05.2018,9196.4
09.05.2018,9319.1
10.05.2018,9025.7
11.05.2018,8408.3
12.05.2018,8459.5
13.05.2018,8693.5
14.05.2018,8674.1
15.05.2018,8477.0
16.05.2018,8344.4
17.05.2018,8063.0
18.05.2018,8245.7
19.05.2018,8245.1
20.05.2018,8529.0
21.05.2018,8403.3
22.05.2018,8006.0
23.05.2018,7512.3
24.05.2018,7592.9
25.05.2018,7477.7
26.05.2018,7361.3
27.05.2018,7366.7
28.05.2018,7119.3
29.05.2018,7467.7
30.05.2018,7400.1
31.05.2018,7502.6
01.06.2018,7530.8
02.06.2018,7646.6
03.06.2018,7729.3
04.06.2018,7504.3
05.06.2018,7631.5
06.06.2018,7661.0
07.06.2018,7697.8
08.06.2018,7622.1
09.06.2018,7515.8
10.06.2018,6775.1
11.06.2018,6885.9
12.06.2018,6558.2
13.06.2018,6312.3
14.06.2018,6647.1
15.06.2018,6410.3
16.06.2018,6505.8
17.06.2018,6460.3
18.06.2018,6719.8
19.06.2018,6752.4
20.06.2018,6765.4
21.06.2018,6728.0
22.06.2018,6055.7
23.06.2018,6167.3
24.06.2018,6154.6
25.06.2018,6256.6
26.06.2018,6082.1
27.06.2018,6154.9
28.06.2018,5883.5
29.06.2018,6213.3
30.06.2018,6398.9
01.07.2018,6366.8
02.07.2018,6619.5
03.07.2018,6513.5
04.07.2018,6598.4
05.07.2018,6546.5
06.07.2018,6617.7
07.07.2018,6765.5
08.07.2018,6714.8
09.07.2018,6667.1
10.07.2018,6307.2
11.07.2018,6389.1
12.07.2018,6250.6
13.07.2018,6230.2
14.07.2018,6254.8
15.07.2018,6362.9
16.07.2018,6729.9
17.07.2018,7322.0
18.07.2018,7383.6
19.07.2018,7477.5
20.07.2018,7339.4
21.07.2018,7408.7
22.07.2018,7412.3
23.07.2018,7723.0
24.07.2018,8407.0
25.07.2018,8173.7
26.07.2018,7937.0
27.07.2018,8187.4
28.07.2018,8234.1
29.07.2018,8215.6
30.07.2018,8177.1
31.07.2018,7729.4
01.08.2018,7606.4
02.08.2018,7535.6
03.08.2018,7419.0
04.08.2018,7014.3
05.08.2018,7027.1
06.08.2018,6943.6
07.08.2018,6724.9
08.08.2018,6283.6
09.08.2018,6538.8
10.08.2018,6152.3
11.08.2018,6231.6
12.08.2018,6313.0
13.08.2018,6255.3
14.08.2018,6190.2
15.08.2018,6256.9
16.08.2018,6306.7
17.08.2018,6581.7
18.08.2018,6379.1
19.08.2018,6481.5
20.08.2018,6268.1
21.08.2018,6482.2
22.08.2018,6359.6
23.08.2018,6521.2
24.08.2018,6680.4
25.08.2018,6734.8
26.08.2018,6712.7
27.08.2018,6897.6
28.08.2018,7074.6
29.08.2018,7029.1
30.08.2018,6993.7
31.08.2018,7033.8
01.09.2018,7189.6
02.09.2018,7293.9
03.09.2018,7264.2
04.09.2018,7377.5
05.09.2018,6706.8
06.09.2018,6514.0
07.09.2018,6390.9
08.09.2018,6184.3
09.09.2018,6238.5
10.09.2018,6321.0
11.09.2018,6293.9
12.09.2018,6338.0
13.09.2018,6482.9
14.09.2018,6483.7
15.09.2018,6519.0
16.09.2018,6500.2
17.09.2018,6251.9
18.09.2018,6342.0
19.09.2018,6390.4
20.09.2018,6489.2
21.09.2018,6766.7
22.09.2018,6729.6
23.09.2018,6704.1
24.09.2018,6584.1
25.09.2018,6445.1
26.09.2018,6468.1
27.09.2018,6689.2
28.09.2018,6636.0
29.09.2018,6603.9
30.09.2018,6635.2
01.10.2018,6608.2
02.10.2018,6549.9
03.10.2018,6507.8
04.10.2018,6584.2
05.10.2018,6639.1
06.10.2018,6596.3
07.10.2018,6611.0
08.10.2018,6669.6
09.10.2018,6650.8
10.10.2018,6618.0
11.10.2018,6239.1
12.10.2018,6291.3
13.10.2018,6321.7
14.10.2018,6326.8
15.10.2018,6699.8
16.10.2018,6705.3
17.10.2018,6686.6
18.10.2018,6574.1
19.10.2018,6512.0
20.10.2018,6572.2
21.10.2018,6583.0
22.10.2018,6555.8
23.10.2018,6528.7
24.10.2018,6530.7
25.10.2018,6507.0
26.10.2018,6510.0
27.10.2018,6494.2
28.10.2018,6486.1
29.10.2018,6335.0
30.10.2018,6325.7
31.10.2018,6365.9
01.11.2018,6400.5
02.11.2018,6424.7
03.11.2018,6386.2
04.11.2018,6478.2
05.11.2018,6459.7
06.11.2018,6502.8
07.11.2018,6565.3
08.11.2018,6474.0
09.11.2018,6412.0
10.11.2018,6427.1
11.11.2018,6446.1
12.11.2018,6435.0
13.11.2018,6429.2
14.11.2018,5842.4
15.11.2018,5718.9
16.11.2018,5636.2
17.11.2018,5621.8
18.11.2018,5658.3
19.11.2018,4883.8
20.11.2018,4524.6
21.11.2018,4638.7
22.11.2018,4356.0
23.11.2018,4398.0
24.11.2018,3920.4
25.11.2018,4062.2
26.11.2018,3837.0
27.11.2018,3866.5
28.11.2018,4265.4
29.11.2018,4296.5
30.11.2018,4039.7
01.12.2018,4196.2
02.12.2018,4160.4
03.12.2018,3897.8
04.12.2018,3958.5
05.12.2018,3771.6
06.12.2018,3508.6
07.12.2018,3422.2
08.12.2018,3430.4
09.12.2018,3567.5
10.12.2018,3460.5
11.12.2018,3407.7
12.12.2018,3466.1
13.12.2018,3315.3
14.12.2018,3247.8
15.12.2018,3228.7
16.12.2018,3247.9
17.12.2018,3526.1
18.12.2018,3668.0
19.12.2018,3687.1
20.12.2018,4076.0
21.12.2018,3850.9
22.12.2018,3964.4
23.12.2018,3944.4
24.12.2018,4026.1
25.12.2018,3762.5
26.12.2018,3793.7
27.12.2018,3586.9
28.12.2018,3861.6
29.12.2018,3706.8
30.12.2018,3815.0
31.12.2018,3709.4
01.01.2019,3809.4
02.01.2019,3873.8
03.01.2019,3780.1
04.01.2019,3802.7
05.01.2019,3785.4
06.01.2019,4004.1
07.01.2019,3985.9
08.01.2019,3971.0
09.01.2019,3978.0
10.01.2019,3603.7
11.01.2019,3616.5
12.01.2019,3597.2
13.01.2019,3490.2
14.01.2019,3638.1
15.01.2019,3571.3
16.01.2019,3588.0
17.01.2019,3626.4
18.01.2019,3605.6
19.01.2019,3677.8
20.01.2019,3542.3
21.01.2019,3536.7
22.01.2019,3580.1
23.01.2019,3561.5
24.01.2019,3574.3
25.01.2019,3572.0
26.01.2019,3570.9
27.01.2019,3555.6
28.01.2019,3442.8
29.01.2019,3414.8
30.01.2019,3460.0
31.01.2019,3437.2
01.02.2019,3467.9
02.02.2019,3502.5
03.02.2019,3459.1
04.02.2019,3462.8
05.02.2019,3468.4
06.02.2019,3404.3
07.02.2019,3397.7
08.02.2019,3661.7
09.02.2019,3661.4
10.02.2019,3679.0
11.02.2019,3631.8
12.02.2019,3632.0
13.02.2019,3611.5
14.02.2019,3592.6
15.02.2019,3604.7
16.02.2019,3616.8
17.02.2019,3664.2
18.02.2019,3896.0
19.02.2019,3914.3
20.02.2019,3972.4
21.02.2019,3936.6
22.02.2019,3965.2
23.02.2019,4120.4
24.02.2019,3755.2
25.02.2019,3833.7
26.02.2019,3810.3
27.02.2019,3814.6
28.02.2019,3816.6
01.03.2019,3821.9
02.03.2019,3823.1
03.03.2019,3809.5
04.03.2019,3715.9
05.03.2019,3857.2
06.03.2019,3863.0
07.03.2019,3875.1
08.03.2019,3865.9
09.03.2019,3944.3
10.03.2019,3915.2
11.03.2019,3870.3
12.03.2019,3886.0
13.03.2019,3865.1
14.03.2019,3879.0
15.03.2019,3924.3
16.03.2019,4006.4
17.03.2019,3981.5
18.03.2019,3990.2
19.03.2019,4017.0
20.03.2019,4041.2
21.03.2019,3982.2
22.03.2019,3990.4
23.03.2019,4002.5
24.03.2019,3994.7
25.03.2019,3937.0
26.03.2019,3942.8
27.03.2019,4041.7
28.03.2019,4025.6
29.03.2019,4102.2
30.03.2019,4111.8
31.03.2019,4102.3
01.04.2019,4145.1
02.04.2019,4859.3
03.04.2019,4968.7
04.04.2019,4902.4
05.04.2019,5010.2
06.04.2019,5046.2
07.04.2019,5173.6
08.04.2019,5245.2
09.04.2019,5158.4
10.04.2019,5307.8
11.04.2019,5022.6
12.04.2019,5054.2
13.04.2019,5051.8
14.04.2019,5134.8
15.04.2019,5032.3
16.04.2019,5180.9
17.04.2019,5208.3
18.04.2019,5264.7
19.04.2019,5241.0
20.04.2019,5290.2
21.04.2019,5243.5
22.04.2019,5346.7
23.04.2019,5511.6
24.04.2019,5415.6
25.04.2019,5209.1
26.04.2019,5298.3
27.04.2019,5265.9
28.04.2019,5302.3
29.04.2019,5235.0
30.04.2019,5320.8
01.05.2019,5384.2
02.05.2019,5493.8
03.05.2019,5766.8
04.05.2019,5830.9
05.05.2019,5774.9
06.05.2019,5745.1
07.05.2019,5849.5
08.05.2019,5990.3
09.05.2019,6191.5
10.05.2019,6386.0
11.05.2019,7190.3
12.05.2019,6984.8
13.05.2019,7806.0
14.05.2019,7994.6
15.05.2019,8164.6
16.05.2019,7871.8
17.05.2019,7359.5
18.05.2019,7262.6
19.05.2019,8157.2
20.05.2019,7965.3
21.05.2019,7930.3
22.05.2019,7635.7
23.05.2019,7852.1
24.05.2019,7970.1
25.05.2019,8027.4
26.05.2019,8630.2
27.05.2019,8760.1
28.05.2019,8716.3
29.05.2019,8647.8
30.05.2019,8271.9
31.05.2019,8558.3
01.06.2019,8545.7
02.06.2019,8728.6
03.06.2019,8124.8
04.06.2019,7685.5
05.06.2019,7779.1
06.06.2019,7784.9
07.06.2019,7985.2
08.06.2019,7901.4
09.06.2019,7635.0
10.06.2019,7987.8
11.06.2019,7888.0
12.06.2019,8133.1
13.06.2019,8219.0
14.06.2019,8656.1
15.06.2019,8812.5
16.06.2019,8962.5
17.06.2019,9318.8
18.06.2019,9080.6
19.06.2019,9255.4
20.06.2019,9517.0
21.06.2019,10179.3
22.06.2019,10721.7
23.06.2019,10897.1
24.06.2019,11046.4
25.06.2019,11809.9
26.06.2019,13063.8
27.06.2019,11287.8
28.06.2019,12409.1
29.06.2019,11906.5
30.06.2019,10818.6
01.07.2019,10616.6
02.07.2019,10835.9
03.07.2019,11900.8
04.07.2019,11163.1
05.07.2019,10970.2
06.07.2019,11268.0
07.07.2019,11415.9
08.07.2019,12252.6
09.07.2019,12541.5
10.07.2019,12110.6
11.07.2019,11342.3
12.07.2019,11762.1
13.07.2019,11364.9
14.07.2019,10200.1
15.07.2019,10845.9
16.07.2019,9424.8
17.07.2019,9723.2
18.07.2019,10651.4
19.07.2019,10571.5
20.07.2019,10826.7
21.07.2019,10714.4
22.07.2019,10412.5
23.07.2019,9888.7
24.07.2019,9804.3
25.07.2019,9945.3
26.07.2019,9831.0
27.07.2019,9492.1
28.07.2019,9727.8
29.07.2019,9580.9
30.07.2019,9580.7
31.07.2019,10082.0
01.08.2019,10380.0
02.08.2019,10520.1
03.08.2019,10815.7
04.08.2019,10934.6
05.08.2019,11816.8
06.08.2019,11480.9
07.08.2019,12013.9
08.08.2019,12191.6
09.08.2019,12089.8
10.08.2019,11314.5
11.08.2019,11517.2
12.08.2019,11394.2
13.08.2019,10892.9
14.08.2019,10049.4
15.08.2019,10303.4
16.08.2019,10335.6
17.08.2019,10218.1
18.08.2019,10312.7
19.08.2019,10910.7
20.08.2019,10752.6
21.08.2019,10141.5
22.08.2019,10105.0
23.08.2019,10388.7
24.08.2019,10131.0
25.08.2019,10136.3
26.08.2019,10371.8
27.08.2019,10184.8
28.08.2019,9729.4
29.08.2019,9491.0
30.08.2019,9585.4
31.08.2019,9594.4
01.09.2019,9729.3
02.09.2019,10348.8
03.09.2019,10612.3
04.09.2019,10568.2
05.09.2019,10566.9
06.09.2019,10309.3
07.09.2019,10461.1
08.09.2019,10402.8
09.09.2019,10309.0
10.09.2019,10105.4
11.09.2019,10162.5
12.09.2019,10415.1
13.09.2019,10342.1
14.09.2019,10337.3
15.09.2019,10311.5
16.09.2019,10255.5
17.09.2019,10195.7
18.09.2019,10164.7
19.09.2019,10250.5
20.09.2019,10172.7
21.09.2019,9993.0
22.09.2019,10031.6
23.09.2019,9702.2
24.09.2019,8513.9
25.09.2019,8432.4
26.09.2019,8063.8
27.09.2019,8184.9
28.09.2019,8208.5
29.09.2019,8049.1
30.09.2019,8284.3
01.10.2019,8302.7
02.10.2019,8364.1
03.10.2019,8226.9
04.10.2019,8148.1
05.10.2019,8127.3
06.10.2019,7881.9
07.10.2019,8198.6
08.10.2019,8182.9
09.10.2019,8566.7
10.10.2019,8562.3
11.10.2019,8267.8
12.10.2019,8304.4
13.10.2019,8281.5
14.10.2019,8353.3
15.10.2019,8167.2
16.10.2019,8000.4
17.10.2019,8073.3
18.10.2019,7948.5
19.10.2019,7957.3
20.10.2019,8223.4
21.10.2019,8208.2
22.10.2019,8031.4
23.10.2019,7477.0
24.10.2019,7422.7
25.10.2019,8658.3
26.10.2019,9230.6
27.10.2019,9529.6
28.10.2019,9207.2
29.10.2019,9411.3
30.10.2019,9157.9
31.10.2019,9152.6
01.11.2019,9230.1
02.11.2019,9300.6
03.11.2019,9198.3
04.11.2019,9396.4
05.11.2019,9310.8
06.11.2019,9338.9
07.11.2019,9223.5
08.11.2019,8778.2
09.11.2019,8804.5
10.11.2019,9036.8
11.11.2019,8736.9
12.11.2019,8812.6
13.11.2019,8783.1
14.11.2019,8661.2
15.11.2019,8476.3
16.11.2019,8497.3
17.11.2019,8509.8
18.11.2019,8208.4
19.11.2019,8145.7
20.11.2019,8099.3
21.11.2019,7627.9
22.11.2019,7272.5
23.11.2019,7324.1
24.11.2019,6924.7
25.11.2019,7115.6
26.11.2019,7162.8
27.11.2019,7510.6
28.11.2019,7426.7
29.11.2019,7742.7
30.11.2019,7546.6
01.12.2019,7396.4
02.12.2019,7298.2
03.12.2019,7291.8
04.12.2019,7204.4
05.12.2019,7399.2
06.12.2019,7530.8
07.12.2019,7510.9
08.12.2019,7524.4
09.12.2019,7355.8
10.12.2019,7235.7
11.12.2019,7208.0
12.12.2019,7208.0
13.12.2019,7255.2
14.12.2019,7080.8
15.12.2019,7128.5
16.12.2019,6903.5
17.12.2019,6613.3
18.12.2019,7276.0
19.12.2019,7165.5
20.12.2019,7196.4
21.12.2019,7156.2
22.12.2019,7495.8
23.12.2019,7322.8
24.12.2019,7268.3
25.12.2019,7224.8
26.12.2019,7210.9
27.12.2019,7261.7
28.12.2019,7321.5
29.12.2019,7397.5
30.12.2019,7261.8
31.12.2019,7196.4
01.01.2020,7199.8
02.01.2020,6967.0
03.01.2020,7343.1
04.01.2020,7376.8
05.01.2020,7372.5
06.01.2020,7759.1
07.01.2020,8155.7
08.01.2020,8059.6
09.01.2020,7842.4
10.01.2020,8187.1
11.01.2020,8024.1
12.01.2020,8187.6
13.01.2020,8111.4
14.01.2020,8829.2
15.01.2020,8818.3
16.01.2020,8726.9
17.01.2020,8913.1
18.01.2020,8916.3
19.01.2020,8706.2
20.01.2020,8641.9
21.01.2020,8732.6
22.01.2020,8678.5
23.01.2020,8405.1
24.01.2020,8439.9
25.01.2020,8341.6
26.01.2020,8607.8
27.01.2020,8866.6
28.01.2020,9377.3
29.01.2020,9298.9
30.01.2020,9507.3
31.01.2020,9349.1
01.02.2020,9381.6
02.02.2020,9334.9
03.02.2020,9296.6
04.02.2020,9193.9
05.02.2020,9611.8
06.02.2020,9772.0
07.02.2020,9818.6
08.02.2020,9895.5
09.02.2020,10151.5
10.02.2020,9854.1
11.02.2020,10229.5
12.02.2020,10317.7
13.02.2020,10235.1
14.02.2020,10333.0
15.02.2020,9907.7
16.02.2020,9932.3
17.02.2020,9701.4
18.02.2020,10158.4
19.02.2020,9609.4
20.02.2020,9602.4
21.02.2020,9684.5
22.02.2020,9655.7
23.02.2020,9942.7
24.02.2020,9662.7
25.02.2020,9317.2
26.02.2020,8800.3
27.02.2020,8818.6
28.02.2020,8697.5
29.02.2020,8543.7
01.03.2020,8540.0
02.03.2020,8904.8
03.03.2020,8761.4
04.03.2020,8757.9
05.03.2020,9060.3
06.03.2020,9134.8
07.03.2020,8887.8
08.03.2020,8034.1
09.03.2020,7933.0
10.03.2020,7891.2
11.03.2020,7935.1
12.03.2020,4826.0
13.03.2020,5584.3
14.03.2020,5182.7
15.03.2020,5366.3
16.03.2020,5030.0
17.03.2020,5261.1
18.03.2020,5361.4
19.03.2020,6172.0
20.03.2020,6205.3
21.03.2020,6186.2
22.03.2020,5822.1
23.03.2020,6468.9
24.03.2020,6744.6
25.03.2020,6678.9
26.03.2020,6725.1
27.03.2020,6373.4
28.03.2020,6233.7
29.03.2020,5890.4
30.03.2020,6391.0
31.03.2020,6412.5
01.04.2020,6638.5
02.04.2020,6800.5
03.04.2020,6735.9
04.04.2020,6857.4
05.04.2020,6772.7
06.04.2020,7332.3
07.04.2020,7185.2
08.04.2020,7361.2
09.04.2020,7289.0
10.04.2020,6863.1
11.04.2020,6867.8
12.04.2020,6917.6
13.04.2020,6841.3
14.04.2020,6850.9
15.04.2020,6629.1
16.04.2020,7085.6
17.04.2020,7035.8
18.04.2020,7230.8
19.04.2020,7122.9
20.04.2020,6833.5
21.04.2020,6842.5
22.04.2020,7112.9
23.04.2020,7488.5
24.04.2020,7503.8
25.04.2020,7540.4
26.04.2020,7678.9
27.04.2020,7766.0
28.04.2020,7746.9
29.04.2020,8770.9
30.04.2020,8629.0
01.05.2020,8821.6
02.05.2020,8966.3
03.05.2020,8885.5
04.05.2020,8874.7
05.05.2020,9001.0
06.05.2020,9151.4
07.05.2020,9979.8
08.05.2020,9806.2
09.05.2020,9554.6
10.05.2020,8738.8
11.05.2020,8579.8
12.05.2020,8813.8
13.05.2020,9298.7
14.05.2020,9778.4
15.05.2020,9318.0
16.05.2020,9379.5
17.05.2020,9677.7
18.05.2020,9730.7
19.05.2020,9773.3
20.05.2020,9512.3
21.05.2020,9059.0
22.05.2020,9169.7
23.05.2020,9177.0
24.05.2020,8728.2
25.05.2020,8898.2
26.05.2020,8842.5
27.05.2020,9199.1
28.05.2020,9572.2
29.05.2020,9424.8
30.05.2020,9692.5
31.05.2020,9454.8
01.06.2020,10189.3
02.06.2020,9527.6
03.06.2020,9667.2
04.06.2020,9794.4
05.06.2020,9631.2
06.06.2020,9669.6
07.06.2020,9742.6
08.06.2020,9777.9
09.06.2020,9768.8
10.06.2020,9878.8
11.06.2020,9283.2
12.06.2020,9466.6
13.06.2020,9471.3
14.06.2020,9345.3
15.06.2020,9425.4
16.06.2020,9523.5
17.06.2020,9464.6
18.06.2020,9388.1
19.06.2020,9314.0
20.06.2020,9358.8
21.06.2020,9296.4
22.06.2020,9683.7
23.06.2020,9624.6
24.06.2020,9302.0
25.06.2020,9247.5
26.06.2020,9160.0
27.06.2020,9008.3
28.06.2020,9124.0
29.06.2020,9185.4
30.06.2020,9135.4
01.07.2020,9229.9
02.07.2020,9085.1
03.07.2020,9067.1
04.07.2020,9134.4
05.07.2020,9081.0
06.07.2020,9339.0
07.07.2020,9256.0
08.07.2020,9429.9
09.07.2020,9235.7
10.07.2020,9285.1
11.07.2020,9233.3
12.07.2020,9300.8
13.07.2020,9243.6
14.07.2020,9253.4
15.07.2020,9198.7
16.07.2020,9135.3
17.07.2020,9155.8
18.07.2020,9170.2
19.07.2020,9208.0
20.07.2020,9162.4
21.07.2020,9387.3
22.07.2020,9513.7
23.07.2020,9599.6
24.07.2020,9546.4
25.07.2020,9704.1
26.07.2020,9932.5
27.07.2020,11022.8
28.07.2020,10908.5
29.07.2020,11105.9
30.07.2020,11096.2
31.07.2020,11333.4
01.08.2020,11803.1
02.08.2020,11066.8
03.08.2020,11224.4
04.08.2020,11184.7
05.08.2020,11735.1
06.08.2020,11757.1
07.08.2020,11592.0
08.08.2020,11764.3
09.08.2020,11681.2
10.08.2020,11889.2
11.08.2020,11390.4
12.08.2020,11557.2
13.08.2020,11770.9
14.08.2020,11750.8
15.08.2020,11845.3
16.08.2020,11899.0
17.08.2020,12282.6
18.08.2020,11947.6
19.08.2020,11750.2
20.08.2020,11856.9
21.08.2020,11529.2
22.08.2020,11661.3
23.08.2020,11641.6
24.08.2020,11753.5
25.08.2020,11324.8
26.08.2020,11462.3
27.08.2020,11327.4
28.08.2020,11527.4
29.08.2020,11468.1
30.08.2020,11702.0
31.08.2020,11644.2
01.09.2020,11914.9
02.09.2020,11413.3
03.09.2020,10168.8
04.09.2020,10472.5
05.09.2020,10092.2
06.09.2020,10296.4
07.09.2020,10376.9
08.09.2020,10126.6
09.09.2020,10224.6
10.09.2020,10339.7
11.09.2020,10390.2
12.09.2020,10441.9
13.09.2020,10326.0
14.09.2020,10675.3
15.09.2020,10785.3
16.09.2020,10949.5
17.09.2020,10941.3
18.09.2020,10933.0
19.09.2020,11081.8
20.09.2020,10921.5
21.09.2020,10416.8
22.09.2020,10531.5
23.09.2020,10237.3
24.09.2020,10739.4
25.09.2020,10688.8
26.09.2020,10727.9
27.09.2020,10776.2
28.09.2020,10693.2
29.09.2020,10840.9
30.09.2020,10776.1
01.10.2020,10620.5
02.10.2020,10572.3
03.10.2020,10544.2
04.10.2020,10672.9
05.10.2020,10789.5
06.10.2020,10602.6
07.10.2020,10670.9
08.10.2020,10924.1
09.10.2020,11054.2
10.10.2020,11298.4
11.10.2020,11371.0
12.10.2020,11533.9
13.10.2020,11423.8
14.10.2020,11420.4
15.10.2020,11503.0
16.10.2020,11322.0
17.10.2020,11362.1
18.10.2020,11506.9
19.10.2020,11753.4
20.10.2020,11913.5
21.10.2020,12808.7
22.10.2020,12974.6
23.10.2020,12934.1
24.10.2020,13117.2
25.10.2020,13032.2
26.10.2020,13061.6
27.10.2020,13657.8
28.10.2020,13278.9
29.10.2020,13457.2
30.10.2020,13559.9
31.10.2020,13797.3
01.11.2020,13759.4
02.11.2020,13561.4
03.11.2020,14019.9
04.11.2020,14145.6
05.11.2020,15587.1
06.11.2020,15577.9
07.11.2020,14828.4
08.11.2020,15483.7
09.11.2020,15327.2
10.11.2020,15303.6
11.11.2020,15695.8
12.11.2020,16294.7
13.11.2020,16324.2
14.11.2020,16071.0
15.11.2020,15953.0
16.11.2020,16715.8
17.11.2020,17662.3
18.11.2020,17774.6
19.11.2020,17803.5
20.11.2020,18675.2
21.11.2020,18687.2
22.11.2020,18412.9
23.11.2020,18379.6
24.11.2020,19152.6
25.11.2020,18723.0
26.11.2020,17162.0
27.11.2020,17127.1
28.11.2020,17730.7
29.11.2020,18185.5
30.11.2020,19698.1
01.12.2020,18770.7
02.12.2020,19218.8
03.12.2020,19433.3
04.12.2020,18658.1
05.12.2020,19146.5
06.12.2020,19379.9
07.12.2020,19170.7
08.12.2020,18326.6
09.12.2020,18546.0
10.12.2020,18247.2
11.12.2020,18023.6
12.12.2020,18808.9
13.12.2020,19176.8
14.12.2020,19273.8
15.12.2020,19434.9
16.12.2020,21352.2
17.12.2020,22825.4
18.12.2020,23127.9
19.12.2020,23844.0
20.12.2020,23474.9
21.12.2020,22728.5
22.12.2020,23823.2
23.12.2020,23257.9
24.12.2020,23736.5
25.12.2020,24689.6
26.12.2020,26454.4
27.12.2020,26261.3
28.12.2020,27057.8
29.12.2020,27376.0
30.12.2020,28868.7
31.12.2020,28949.4
01.01.2021,29359.9
02.01.2021,32193.3
03.01.2021,32958.9
04.01.2021,32022.6
05.01.2021,33991.5
06.01.2021,36793.2
07.01.2021,39460.2
08.01.2021,40599.3
09.01.2021,40151.9
10.01.2021,38192.2
11.01.2021,35544.3
12.01.2021,34076.1
13.01.2021,37382.2
14.01.2021,39175.7
15.01.2021,36845.8
16.01.2021,36019.5
17.01.2021,35839.6
18.01.2021,36613.2
19.01.2021,36002.9
20.01.2021,35476.3
21.01.2021,30842.1
22.01.2021,33000.5
23.01.2021,32088.9
24.01.2021,32241.3
25.01.2021,32252.3
26.01.2021,32502.1
27.01.2021,30404.0
28.01.2021,33374.8
29.01.2021,34301.8
30.01.2021,34283.1
31.01.2021,33108.1
01.02.2021,33515.7
02.02.2021,35485.2
03.02.2021,37646.8
04.02.2021,36982.1
05.02.2021,38297.6
06.02.2021,39256.6
07.02.2021,38852.9
08.02.2021,46395.7
09.02.2021,46508.6
10.02.2021,44836.0
11.02.2021,47990.7
12.02.2021,47371.7
13.02.2021,47168.7
14.02.2021,48643.4
15.02.2021,47936.3
16.02.2021,49169.7
17.02.2021,52079.2
18.02.2021,51582.2
19.02.2021,55906.6
20.02.2021,55923.7
21.02.2021,57433.8
22.02.2021,54111.8
23.02.2021,48911.2
24.02.2021,49697.5
25.02.2021,46928.5
26.02.2021,46345.6
27.02.2021,46136.7
28.02.2021,45164.0
01.03.2021,49595.5
02.03.2021,48424.2
03.03.2021,50395.1
04.03.2021,48428.0
05.03.2021,48792.5
06.03.2021,48855.6
07.03.2021,50982.3
08.03.2021,52311.0
09.03.2021,54879.0
10.03.2021,55851.9
11.03.2021,57799.5
12.03.2021,57265.1
13.03.2021,61195.3
14.03.2021,59113.7
15.03.2021,55791.3
16.03.2021,56889.7
17.03.2021,58913.5
18.03.2021,57656.0
19.03.2021,58088.0
20.03.2021,58093.4
21.03.2021,57383.8
22.03.2021,54158.3
23.03.2021,54452.5
24.03.2021,52325.4
25.03.2021,51322.3
26.03.2021,55036.1
27.03.2021,55862.9
28.03.2021,55765.2
29.03.2021,57616.2
30.03.2021,58771.3
31.03.2021,58763.7
01.04.2021,58718.3
02.04.2021,58977.3
03.04.2021,57059.9
04.04.2021,58199.9
05.04.2021,58993.4
06.04.2021,57996.3
07.04.2021,55948.7
08.04.2021,58077.4
09.04.2021,58118.7
10.04.2021,59748.4
11.04.2021,59978.7
12.04.2021,59863.8
13.04.2021,63540.9
14.04.2021,62980.4
15.04.2021,63216.0
16.04.2021,61379.7
17.04.2021,60041.9
18.04.2021,56207.1
19.04.2021,55646.1
20.04.2021,56483.2
21.04.2021,53820.2
22.04.2021,51729.5
23.04.2021,51143.6
24.04.2021,50088.9
25.04.2021,48963.6
26.04.2021,54020.5
27.04.2021,55036.5
28.04.2021,54841.4
29.04.2021,53560.8
30.04.2021,57720.3
01.05.2021,57807.1
02.05.2021,56603.8
03.05.2021,57169.8
04.05.2021,53741.5
05.05.2021,57441.3
06.05.2021,56405.4
07.05.2021,57337.2
08.05.2021,58840.1
09.05.2021,58238.3
10.05.2021,55848.9
11.05.2021,56695.7
12.05.2021,49384.2
13.05.2021,49704.6
14.05.2021,49839.8
15.05.2021,46708.8
16.05.2021,46426.4
17.05.2021,43541.3
18.05.2021,42897.3
19.05.2021,36720.5
20.05.2021,40717.2
21.05.2021,37297.4
22.05.2021,37448.3
23.05.2021,34679.7
24.05.2021,38750.6
25.05.2021,38378.3
26.05.2021,39249.2
27.05.2021,38417.3
28.05.2021,35662.5
29.05.2021,34584.6
30.05.2021,35652.8
31.05.2021,37298.6
01.06.2021,36687.6
02.06.2021,37555.8
03.06.2021,39187.3
04.06.2021,36851.3
05.06.2021,35520.0
06.06.2021,35815.4
07.06.2021,33578.0
08.06.2021,33382.9
09.06.2021,37332.2
10.06.2021,36649.4
11.06.2021,37314.6
12.06.2021,35467.5
13.06.2021,39022.9
14.06.2021,40529.4
15.06.2021,40156.1
16.06.2021,38336.0
17.06.2021,38052.0
18.06.2021,35749.4
19.06.2021,35513.4
20.06.2021,35595.8
21.06.2021,31692.0
22.06.2021,32496.4
23.06.2021,33674.3
24.06.2021,34665.8
25.06.2021,31594.0
26.06.2021,32243.4
27.06.2021,34678.5
28.06.2021,34475.9
29.06.2021,35834.7
30.06.2021,35026.9
01.07.2021,33543.6
02.07.2021,33813.4
03.07.2021,34742.8
04.07.2021,35298.2
05.07.2021,33687.8
06.07.2021,34225.6
07.07.2021,33867.8
08.07.2021,32866.3
09.07.2021,33797.4
10.07.2021,33510.6
11.07.2021,34227.7
12.07.2021,33113.0
13.07.2021,32728.1
14.07.2021,32820.7
15.07.2021,31840.5
16.07.2021,31394.0
17.07.2021,31518.6
18.07.2021,31785.4
19.07.2021,30837.2
20.07.2021,29793.8
21.07.2021,32131.4
22.07.2021,32298.9
23.07.2021,33603.3
24.07.2021,33824.8
25.07.2021,35391.1
26.07.2021,37276.6
27.07.2021,39452.0
28.07.2021,40003.2
29.07.2021,40001.4
30.07.2021,42203.4
31.07.2021,41553.7
01.08.2021,39878.3
02.08.2021,39168.4
03.08.2021,38130.3
04.08.2021,39736.9
05.08.2021,40867.2
06.08.2021,42795.4
07.08.2021,44614.2
08.08.2021,43792.8
09.08.2021,46284.3
10.08.2021,45593.8
11.08.2021,45564.3
12.08.2021,44403.4
13.08.2021,47809.1
14.08.2021,47081.5
15.08.2021,46991.3
16.08.2021,45996.3
17.08.2021,44691.6
18.08.2021,44723.8
19.08.2021,46755.9
20.08.2021,49324.0
21.08.2021,48875.8
22.08.2021,49254.5
23.08.2021,49539.7
24.08.2021,47714.7
25.08.2021,48994.5
26.08.2021,46831.6
27.08.2021,49064.3
28.08.2021,48897.1
29.08.2021,48777.4
30.08.2021,46992.7
31.08.2021,47130.4
01.09.2021,48819.4
02.09.2021,49274.3
03.09.2021,49999.0
04.09.2021,49918.4
05.09.2021,51768.6
06.09.2021,52672.1
07.09.2021,46779.6
08.09.2021,46061.4
09.09.2021,46385.6
10.09.2021,44842.8
11.09.2021,45161.9
12.09.2021,46062.3
13.09.2021,44949.5
14.09.2021,47077.5
15.09.2021,48130.6
16.09.2021,47748.0
17.09.2021,47282.8
18.09.2021,48306.7
19.09.2021,47238.7
20.09.2021,42870.6
21.09.2021,40651.3
22.09.2021,43551.6
23.09.2021,44869.2
24.09.2021,42819.9
25.09.2021,42686.8
26.09.2021,43203.4
27.09.2021,42172.6
28.09.2021,41022.3
29.09.2021,41536.8
30.09.2021,43823.3
01.10.2021,48146.0
02.10.2021,47666.9
03.10.2021,48200.1
04.10.2021,49227.3
05.10.2021,51469.3
06.10.2021,55323.2
07.10.2021,53783.9
08.10.2021,53914.7
09.10.2021,54942.5
10.10.2021,54687.7
11.10.2021,57477.3
12.10.2021,56015.9
13.10.2021,57380.1
14.10.2021,57345.8
15.10.2021,61672.5
16.10.2021,60861.1
17.10.2021,61527.5
18.10.2021,62056.3
19.10.2021,64278.5
20.10.2021,65979.1
21.10.2021,62210.2
22.10.2021,60690.3
23.10.2021,61312.5
24.10.2021,60866.5
25.10.2021,63067.0
26.10.2021,60310.8
27.10.2021,58438.1
28.10.2021,60582.5
29.10.2021,62242.8
30.10.2021,61840.1
31.10.2021,61309.6
01.11.2021,60915.3
02.11.2021,63221.7
03.11.2021,62918.5
04.11.2021,61412.6
05.11.2021,60974.3
06.11.2021,61483.9
07.11.2021,63273.2
08.11.2021,67527.9
09.11.2021,66904.4
10.11.2021,64932.6
11.11.2021,64806.7
12.11.2021,64134.5
13.11.2021,64398.6
14.11.2021,65508.2
15.11.2021,63597.9
16.11.2021,60089.1
17.11.2021,60367.8
18.11.2021,56955.3
19.11.2021,58083.4
20.11.2021,59717.6
21.11.2021,58714.3
22.11.2021,56308.8
23.11.2021,57573.2
24.11.2021,57171.7
25.11.2021,58935.1
26.11.2021,53730.9
27.11.2021,54765.9
28.11.2021,57291.5
29.11.2021,57794.8
30.11.2021,56882.9
01.12.2021,57210.3
02.12.2021,56496.0
03.12.2021,53631.5
04.12.2021,49195.2
05.12.2021,49405.5
06.12.2021,50562.1
07.12.2021,50595.2
08.12.2021,50473.9
09.12.2021,47596.6
10.12.2021,47137.2
11.12.2021,49314.5
12.12.2021,50081.0
13.12.2021,46703.6
14.12.2021,48366.5
15.12.2021,48871.5
16.12.2021,47628.2
17.12.2021,46172.2
18.12.2021,46856.2
19.12.2021,46704.5
20.12.2021,46895.2
21.12.2021,48902.0
22.12.2021,48599.7
23.12.2021,50801.0
24.12.2021,50786.1
25.12.2021,50406.4
26.12.2021,50779.9
27.12.2021,50678.2
28.12.2021,47545.2
29.12.2021,46461.7
30.12.2021,47123.3
31.12.2021,46219.5
01.01.2022,47738.0
02.01.2022,47311.8
03.01.2022,46430.2
04.01.2022,45837.3
05.01.2022,43425.9
06.01.2022,43097.5
07.01.2022,41546.7
08.01.2022,41672.0
09.01.2022,41848.3
10.01.2022,41832.2
11.01.2022,42733.2
12.01.2022,43901.0
13.01.2022,42560.0
14.01.2022,43073.3
15.01.2022,43097.0
16.01.2022,43079.1
17.01.2022,42209.3
18.01.2022,42364.6
19.01.2022,41677.8
20.01.2022,40715.9
21.01.2022,36475.5
22.01.2022,35075.2
23.01.2022,36269.5
24.01.2022,36686.3
25.01.2022,36950.6
26.01.2022,36800.4
27.01.2022,37164.3
28.01.2022,37745.1
29.01.2022,38170.8
30.01.2022,37917.7
31.01.2022,38498.6
01.02.2022,38709.7
02.02.2022,36890.2
03.02.2022,37287.8
04.02.2022,41567.6
05.02.2022,41412.1
06.02.2022,42392.2
07.02.2022,43833.9
08.02.2022,44038.2
09.02.2022,44388.9
10.02.2022,43521.0
11.02.2022,42388.4
12.02.2022,42205.2
13.02.2022,42061.1
14.02.2022,42550.3
15.02.2022,44544.4
16.02.2022,43883.6
17.02.2022,40552.8
18.02.2022,40000.1
19.02.2022,40090.3
20.02.2022,38355.0
21.02.2022,37017.7
22.02.2022,38248.2
23.02.2022,37224.6
24.02.2022,38339.2
25.02.2022,39209.6
26.02.2022,39115.5
27.02.2022,37689.1
28.02.2022,43188.2
01.03.2022,44420.3
02.03.2022,43912.8
03.03.2022,42463.0
04.03.2022,39142.7
05.03.2022,39395.8
06.03.2022,38403.1
07.03.2022,38024.8
08.03.2022,38744.8
09.03.2022,41929.0
10.03.2022,39416.3
11.03.2022,38730.2
12.03.2022,38814.3
13.03.2022,37792.4
14.03.2022,39671.1
15.03.2022,39285.7
16.03.2022,41118.7
17.03.2022,40914.8
18.03.2022,41767.8
19.03.2022,42233.0
20.03.2022,41276.0
21.03.2022,41022.0
22.03.2022,42373.0
23.03.2022,42912.0
24.03.2022,44013.0
25.03.2022,44331.0
26.03.2022,44548.0
27.03.2022,46859.0
28.03.2022,47105.0
29.03.2022,47449.0
30.03.2022,47075.0
31.03.2022,45525.0
01.04.2022,46297.0
02.04.2022,45811.0
03.04.2022,46407.0
04.04.2022,46629.0
05.04.2022,45506.0
06.04.2022,43173.0
07.04.2022,43448.0
08.04.2022,42275.0
09.04.2022,42767.0
10.04.2022,42138.0
11.04.2022,39497.0
12.04.2022,40078.0
13.04.2022,41133.0
14.04.2022,39936.0
15.04.2022,40560.0
16.04.2022,40382.0
17.04.2022,39703.0
18.04.2022,40803.0
19.04.2022,41503.0
20.04.2022,41368.0
21.04.2022,40482.0
22.04.2022,39709.0
23.04.2022,39418.0
24.04.2022,39464.0
25.04.2022,40427.0
26.04.2022,38113.0
27.04.2022,39243.0
28.04.2022,39748.0
29.04.2022,38581.0
30.04.2022,37650.0
01.05.2022,38461.0
02.05.2022,38514.0
03.05.2022,37718.0
04.05.2022,39688.0
05.05.2022,36544.0
06.05.2022,36009.0
07.05.2022,35468.0
08.05.2022,34060.0
09.05.2022,30095.0
10.05.2022,31007.5
11.05.2022,29068.2
12.05.2022,28976.0
13.05.2022,29284.4
14.05.2022,30080.4
15.05.2022,31308.7
16.05.2022,29849.0
17.05.2022,30437.5
18.05.2022,28683.7
19.05.2022,30305.9
20.05.2022,29178.6
21.05.2022,29434.6
22.05.2022,30286.6
23.05.2022,29093.3
24.05.2022,29648.7
25.05.2022,29540.6
26.05.2022,29203.5
27.05.2022,28601.2
28.05.2022,29027.1
29.05.2022,29465.2
30.05.2022,31723.3
31.05.2022,31793.4
01.06.2022,29798.5
02.06.2022,30455.5
03.06.2022,29700.9
04.06.2022,29864.3
05.06.2022,29913.0
06.06.2022,31367.6
07.06.2022,31128.8
08.06.2022,30201.6
09.06.2022,30097.8
10.06.2022,29083.3
11.06.2022,28403.4
12.06.2022,26606.3
13.06.2022,22448.0
14.06.2022,22157.3
15.06.2022,22577.9
16.06.2022,20386.6
17.06.2022,20444.6
18.06.2022,18986.5
19.06.2022,20577.2
20.06.2022,20572.3
21.06.2022,20720.4
22.06.2022,19965.8
23.06.2022,21100.7
24.06.2022,21226.9
25.06.2022,21489.9
26.06.2022,21043.5
27.06.2022,20730.2
28.06.2022,20278.0
29.06.2022,20111.3
30.06.2022,19926.6
01.07.2022,19262.9
02.07.2022,19243.2
03.07.2022,19309.9
04.07.2022,20215.8
05.07.2022,20200.6
06.07.2022,20561.1
07.07.2022,21637.8
08.07.2022,21611.2
09.07.2022,21587.5
10.07.2022,20847.4
11.07.2022,19963.2
12.07.2022,19330.9
13.07.2022,20250.0
14.07.2022,20586.0
15.07.2022,20825.1
16.07.2022,21209.9
17.07.2022,20785.6
18.07.2022,22525.8
19.07.2022,23410.2
20.07.2022,23215.2
21.07.2022,23153.0
22.07.2022,22675.2
23.07.2022,22460.4
24.07.2022,22582.1
25.07.2022,21301.9
26.07.2022,21248.7
27.07.2022,22958.3
28.07.2022,23850.0
29.07.2022,23774.3
30.07.2022,23634.2
31.07.2022,23303.4
01.08.2022,23271.2
02.08.2022,22988.6
03.08.2022,22820.8
04.08.2022,22612.1
05.08.2022,23308.2
06.08.2022,22944.2
07.08.2022,23175.3
08.08.2022,23816.3
09.08.2022,23146.7
10.08.2022,23962.9
11.08.2022,23935.3
12.08.2022,24398.7
13.08.2022,24442.5
14.08.2022,24302.8
15.08.2022,24101.7
16.08.2022,23856.8
17.08.2022,23338.0
18.08.2022,23203.6
19.08.2022,20831.3
20.08.2022,21138.9
21.08.2022,21517.2
22.08.2022,21416.3
23.08.2022,21517.2
24.08.2022,21365.2
25.08.2022,21565.4
26.08.2022,20249.9
27.08.2022,20033.9
28.08.2022,19550.2
29.08.2022,20295.8
30.08.2022,19792.6
31.08.2022,20043.9
01.09.2022,20126.1
02.09.2022,19952.7
03.09.2022,19831.4
04.09.2022,19999.9
05.09.2022,19793.1
06.09.2022,18786.4
07.09.2022,19281.5
08.09.2022,19317.4
09.09.2022,21365.2
10.09.2022,21650.4
11.09.2022,21834.9
12.09.2022,22395.3
13.09.2022,20175.5
14.09.2022,20222.5
15.09.2022,19701.7
16.09.2022,19802.4
17.09.2022,20113.5
18.09.2022,19418.8
19.09.2022,19538.9
20.09.2022,18872.4
21.09.2022,18489.0
22.09.2022,19404.0
23.09.2022,19293.5
24.09.2022,18925.2
25.09.2022,18803.2
26.09.2022,19225.7
27.09.2022,19081.0
28.09.2022,19411.0
29.09.2022,19593.0
30.09.2022,19423.0
01.10.2022,19311.9
02.10.2022,19052.2
03.10.2022,19628.3
04.10.2022,20340.2
05.10.2022,20157.5
06.10.2022,19956.7
07.10.2022,19531.3
08.10.2022,19415.0
09.10.2022,19441.0
10.10.2022,19134.6
11.10.2022,19059.1
12.10.2022,19154.8
13.10.2022,19379.8
14.10.2022,19181.8
15.10.2022,19068.7
16.10.2022,19261.9
17.10.2022,19548.2
18.10.2022,19328.2
19.10.2022,19123.9
20.10.2022,19042.9
21.10.2022,19162.6
22.10.2022,19204.8
23.10.2022,19571.2
24.10.2022,19331.5
25.10.2022,20082.7
26.10.2022,20769.5
27.10.2022,20292.9
28.10.2022,20594.4
29.10.2022,20809.8
30.10.2022,20626.3
31.10.2022,20496.3
01.11.2022,20483.5
02.11.2022,20154.4
03.11.2022,20206.4
04.11.2022,21145.9
05.11.2022,21301.6
06.11.2022,20916.3
07.11.2022,20589.0
08.11.2022,18527.4
09.11.2022,15886.9
10.11.2022,17589.1
11.11.2022,17049.9
12.11.2022,16795.2
13.11.2022,16324.5
14.11.2022,16613.7
15.11.2022,16895.1
16.11.2022,16540.5
17.11.2022,16691.2
18.11.2022,16638.3
19.11.2022,16699.2
20.11.2022,16286.7
21.11.2022,15776.2
22.11.2022,16212.9
23.11.2022,16623.9
24.11.2022,16601.2
25.11.2022,16512.3
26.11.2022,16456.5
27.11.2022,16425.6
28.11.2022,16211.7
29.11.2022,16440.4
30.11.2022,17163.9
01.12.2022,16972.0
02.12.2022,17093.6
03.12.2022,16884.5
04.12.2022,17112.6
05.12.2022,16966.5
06.12.2022,17089.3
07.12.2022,16835.2
08.12.2022,17225.7
09.12.2022,17125.7
10.12.2022,17127.2
11.12.2022,17093.3
12.12.2022,17210.4
13.12.2022,17778.6
14.12.2022,17796.4
15.12.2022,17356.1
16.12.2022,16629.6
17.12.2022,16777.1
18.12.2022,16741.1
19.12.2022,16441.3
20.12.2022,16902.8
21.12.2022,16831.8
22.12.2022,16820.6
23.12.2022,16779.1
24.12.2022,16837.2
25.12.2022,16831.8
26.12.2022,16918.1
27.12.2022,16706.1
28.12.2022,16546.2
29.12.2022,16636.4
30.12.2022,16607.2
31.12.2022,16537.4
01.01.2023,16618.4
02.01.2023,16674.3
03.01.2023,16674.2
04.01.2023,16852.1
05.01.2023,16829.8
06.01.2023,16950.9
07.01.2023,16943.6
08.01.2023,17119.0
09.01.2023,17180.1
10.01.2023,17439.1
11.01.2023,17942.3
12.01.2023,18851.3
13.01.2023,19927.0
14.01.2023,20958.2
15.01.2023,20879.8
16.01.2023,21184.2
17.01.2023,21137.1
18.01.2023,20670.6
19.01.2023,21081.2
20.01.2023,22677.2
21.01.2023,22775.7
22.01.2023,22707.8
23.01.2023,22915.5
24.01.2023,22632.5
25.01.2023,23055.1
26.01.2023,23016.0
27.01.2023,23074.6
28.01.2023,23027.9
29.01.2023,23753.1
30.01.2023,22832.2
31.01.2023,23125.1
01.02.2023,23725.6
02.02.2023,23427.6
03.02.2023,23431.2
04.02.2023,23323.8
05.02.2023,22936.0
06.02.2023,22761.8
07.02.2023,23251.7
08.02.2023,22964.6
09.02.2023,21792.5
10.02.2023,21635.0
11.02.2023,21859.8
12.02.2023,21786.8
13.02.2023,21772.6
14.02.2023,22198.5
15.02.2023,24327.9
16.02.2023,23539.6
17.02.2023,24573.5
18.02.2023,24631.4
19.02.2023,24302.9
20.02.2023,24839.5
21.02.2023,24450.7
22.02.2023,24186.6
23.02.2023,23936.3
24.02.2023,23191.5
25.02.2023,23166.1
26.02.2023,23558.7
27.02.2023,23494.1
28.02.2023,23130.5
01.03.2023,23642.2
02.03.2023,23465.4
03.03.2023,22354.4
04.03.2023,22347.1
05.03.2023,22428.3
06.03.2023,22410.0
07.03.2023,22197.8
08.03.2023,21710.8
09.03.2023,20361.8
10.03.2023,20156.7
11.03.2023,20467.5
12.03.2023,21994.8
13.03.2023,24114.4
14.03.2023,24699.7
15.03.2023,24282.7
16.03.2023,25004.1
17.03.2023,27391.8
18.03.2023,26914.5
19.03.2023,27958.7
20.03.2023,27720.5
21.03.2023,28114.0
22.03.2023,27261.7
23.03.2023,28310.7
24.03.2023,27462.2
25.03.2023,27475.6
26.03.2023,27973.5
27.03.2023,27129.8
28.03.2023,27262.2
29.03.2023,28350.4
30.03.2023,28029.5
31.03.2023,28473.7
01.04.2023,28456.1
02.04.2023,28198.3
03.04.2023,27802.1
04.04.2023,28164.4
05.04.2023,28173.5
06.04.2023,28036.7
07.04.2023,27910.4
08.04.2023,27941.2
09.04.2023,28326.6
10.04.2023,29641.0
11.04.2023,30209.6
12.04.2023,29886.4
13.04.2023,30387.4
14.04.2023,30472.5
15.04.2023,30299.6
16.04.2023,30310.3
17.04.2023,29434.9
18.04.2023,30382.2
19.04.2023,28813.7
20.04.2023,28240.5
21.04.2023,27264.8
22.04.2023,27813.9
23.04.2023,27591.4
24.04.2023,27509.3
25.04.2023,28298.8
26.04.2023,28424.6
27.04.2023,29475.9
28.04.2023,29321.8
29.04.2023,29234.1
30.04.2023,29252.1
01.05.2023,28077.6
02.05.2023,28669.1
03.05.2023,29023.6
04.05.2023,28842.1
05.05.2023,29513.2
06.05.2023,28857.1
07.05.2023,28424.8
08.05.2023,27670.5
09.05.2023,27634.9
10.05.2023,27603.3
11.05.2023,26983.5
12.05.2023,26799.2
13.05.2023,26777.5
14.05.2023,26920.0
15.05.2023,27183.9
16.05.2023,27035.3
17.05.2023,27403.1
18.05.2023,26828.0
19.05.2023,26882.9
20.05.2023,27116.2
21.05.2023,26749.9
22.05.2023,26847.3
23.05.2023,27220.7
24.05.2023,26328.4
25.05.2023,26475.8
26.05.2023,26711.5
27.05.2023,26857.5
28.05.2023,28071.2
29.05.2023,27739.4
30.05.2023,27698.2
31.05.2023,27216.1
01.06.2023,26819.0
02.06.2023,27244.7
03.06.2023,27072.0
04.06.2023,27122.3
05.06.2023,25747.4
06.06.2023,27230.2
07.06.2023,26342.5
08.06.2023,26501.1
09.06.2023,26479.3
10.06.2023,25844.0
11.06.2023,25928.4
12.06.2023,25906.8
13.06.2023,25929.4
14.06.2023,25129.5
15.06.2023,25591.3
16.06.2023,26341.3
17.06.2023,26515.0
18.06.2023,26339.7
19.06.2023,26845.9
20.06.2023,28307.7
21.06.2023,29996.9
22.06.2023,29890.5
23.06.2023,30679.4
24.06.2023,30533.6
25.06.2023,30465.3
26.06.2023,30267.0
27.06.2023,30689.1
28.06.2023,30078.6
29.06.2023,30445.7
30.06.2023,30472.9
01.07.2023,30586.8
02.07.2023,30617.7
03.07.2023,31151.3
04.07.2023,30768.4
05.07.2023,30512.8
06.07.2023,29913.1
07.07.2023,30346.4
08.07.2023,30288.8
09.07.2023,30166.9
10.07.2023,30415.3
11.07.2023,30623.3
12.07.2023,30387.3
13.07.2023,31466.1
14.07.2023,30317.4
15.07.2023,30291.4
16.07.2023,30235.5
17.07.2023,30139.7
18.07.2023,29866.8
19.07.2023,29909.7
20.07.2023,29801.0
21.07.2023,29903.1
22.07.2023,29788.9
23.07.2023,30085.9
24.07.2023,29178.1
25.07.2023,29228.6
26.07.2023,29352.2
27.07.2023,29222.7
28.07.2023,29315.0
29.07.2023,29353.5
30.07.2023,29281.7
31.07.2023,29232.4
01.08.2023,29712.2
02.08.2023,29173.7
03.08.2023,29189.3
04.08.2023,29105.5
05.08.2023,29068.1
06.08.2023,29081.3
07.08.2023,29204.2
08.08.2023,29777.4
09.08.2023,29578.0
10.08.2023,29449.0
11.08.2023,29420.8
12.08.2023,29428.2
13.08.2023,29300.1
14.08.2023,29426.7
15.08.2023,29195.3
16.08.2023,28726.3
17.08.2023,26635.7
18.08.2023,26053.2
19.08.2023,26099.4
20.08.2023,26190.8
21.08.2023,26126.0
22.08.2023,26039.9
23.08.2023,26436.2
24.08.2023,26177.0
25.08.2023,26057.2
26.08.2023,26017.1
27.08.2023,26100.6
28.08.2023,26118.9
29.08.2023,27723.9
30.08.2023,27298.8
31.08.2023,25937.3
01.09.2023,25803.2
02.09.2023,25869.7
03.09.2023,25971.0
04.09.2023,25823.3
05.09.2023,25790.2
06.09.2023,25758.0
07.09.2023,26249.8
08.09.2023,25909.5
09.09.2023,25901.1
10.09.2023,25840.2
11.09.2023,25166.4
12.09.2023,25834.5
13.09.2023,26223.0
14.09.2023,26524.7
15.09.2023,26601.0
16.09.2023,26562.0
17.09.2023,26529.1
18.09.2023,26763.5
19.09.2023,27209.2
20.09.2023,27125.0
21.09.2023,26570.0
22.09.2023,26581.9
23.09.2023,26579.2
24.09.2023,26251.5
25.09.2023,26302.7
26.09.2023,26218.9
27.09.2023,26366.1
28.09.2023,27022.6
29.09.2023,26909.8
30.09.2023,26962.7
01.10.2023,27974.5
02.10.2023,27505.3
03.10.2023,27428.4
04.10.2023,27790.9
05.10.2023,27410.3
06.10.2023,27936.9
07.10.2023,27961.1
08.10.2023,27922.7
09.10.2023,27581.4
10.10.2023,27391.0
11.10.2023,26876.6
12.10.2023,26761.1
13.10.2023,26863.5
14.10.2023,26852.8
15.10.2023,27161.2
16.10.2023,28509.7
17.10.2023,28403.6
18.10.2023,28321.7
19.10.2023,28723.0
20.10.2023,29674.5
21.10.2023,29912.9
22.10.2023,29984.2
23.10.2023,33041.8
24.10.2023,33917.0
25.10.2023,34496.8
26.10.2023,34153.7
27.10.2023,33901.8
28.10.2023,34082.6
29.10.2023,34526.7
30.10.2023,34477.9
31.10.2023,34650.6
01.11.2023,35423.8
02.11.2023,34931.4
03.11.2023,34718.7
04.11.2023,35065.8
05.11.2023,35019.4
06.11.2023,35042.0
07.11.2023,35426.1
08.11.2023,35636.9
09.11.2023,36700.5
10.11.2023,37303.0
11.11.2023,37150.5
12.11.2023,37064.4
13.11.2023,36478.3
14.11.2023,35549.3
15.11.2023,37874.9
16.11.2023,36161.2
17.11.2023,36595.4
18.11.2023,36568.6
19.11.2023,37354.2
20.11.2023,37454.1
21.11.2023,35813.6
22.11.2023,37410.8
23.11.2023,37293.1
24.11.2023,37717.3
25.11.2023,37787.0
26.11.2023,37451.8
27.11.2023,37248.6
28.11.2023,37823.3
29.11.2023,37855.5
30.11.2023,37712.9
01.12.2023,38688.2
02.12.2023,39458.4
03.12.2023,39970.2
04.12.2023,41987.8
05.12.2023,44076.2
06.12.2023,43776.3
07.12.2023,43289.7
08.12.2023,44175.5
09.12.2023,43718.4
10.12.2023,43791.0
11.12.2023,41256.1
12.12.2023,41487.0
13.12.2023,42884.5
14.12.2023,43025.9
15.12.2023,41929.0
16.12.2023,42271.7
17.12.2023,41368.7
18.12.2023,42659.7
19.12.2023,42259.3
20.12.2023,43662.8
21.12.2023,43865.9
22.12.2023,43968.9
23.12.2023,43710.4
24.12.2023,42981.5
25.12.2023,43578.5
26.12.2023,42513.3
27.12.2023,43446.5
28.12.2023,42581.1
29.12.2023,42072.4
30.12.2023,42136.7
31.12.2023,42272.5
01.01.2024,44183.4
02.01.2024,44943.7
03.01.2024,42836.1
04.01.2024,44157.0
05.01.2024,44156.9
06.01.2024,43967.9
07.01.2024,43927.3
08.01.2024,46962.2
09.01.2024,46129.0
10.01.2024,46629.3
11.01.2024,46348.2
12.01.2024,42835.9
13.01.2024,42851.3
14.01.2024,41746.1
15.01.2024,42510.7
16.01.2024,43145.5
17.01.2024,42768.7
18.01.2024,41292.7
19.01.2024,41648.0
20.01.2024,41695.4
21.01.2024,41583.2
22.01.2024,39556.4
23.01.2024,39888.8
24.01.2024,40086.0
25.01.2024,39935.7
26.01.2024,41811.3
27.01.2024,42120.9
28.01.2024,42030.7
29.01.2024,43299.8
30.01.2024,42946.2
31.01.2024,42580.5
01.02.2024,43081.4
02.02.2024,43194.7
03.02.2024,43005.7
04.02.2024,42581.4
05.02.2024,42697.2
06.02.2024,43087.7
07.02.2024,44339.8
08.02.2024,45293.3
09.02.2024,47127.5
10.02.2024,47758.2
11.02.2024,48277.3
12.02.2024,49941.3
13.02.2024,49716.0
14.02.2024,51782.4
15.02.2024,51901.3
16.02.2024,52134.2
17.02.2024,51646.0
18.02.2024,52117.5
19.02.2024,51783.6
20.02.2024,52263.5
21.02.2024,51858.2
22.02.2024,51320.4
23.02.2024,50740.5
24.02.2024,51571.6
25.02.2024,51722.7
26.02.2024,54495.1
27.02.2024,57056.2
28.02.2024,62467.6
29.02.2024,61169.3
01.03.2024,62397.7
02.03.2024,61994.5
03.03.2024,63135.8
04.03.2024,68270.1
05.03.2024,63792.6
06.03.2024,66080.4
07.03.2024,66855.3
08.03.2024,68172.0
09.03.2024,68366.5
10.03.2024,68964.8
11.03.2024,72099.1
12.03.2024,71470.2
13.03.2024,73066.3
14.03.2024,71387.5
15.03.2024,69463.7
16.03.2024,65314.2
17.03.2024,68391.2
18.03.2024,67594.1
19.03.2024,62050.0
20.03.2024,67854.0
21.03.2024,65503.8
22.03.2024,63785.5
23.03.2024,64037.8
24.03.2024,67211.9
25.03.2024,69892.0
26.03.2024,69999.3
27.03.2024,69442.4
28.03.2024,70762.1
29.03.2024,69871.7
30.03.2024,69611.5
31.03.2024,71332.0
01.04.2024,69664.4
02.04.2024,65439.2
03.04.2024,65963.0
04.04.2024,68496.5
05.04.2024,67830.6
06.04.2024,68890.6
07.04.2024,69360.4
08.04.2024,71630.1
09.04.2024,69148.0
10.04.2024,70622.1
11.04.2024,70011.6
12.04.2024,67151.9
13.04.2024,63849.9
14.04.2024,65697.4
15.04.2024,63411.9
16.04.2024,63805.3
17.04.2024,61278.9
18.04.2024,63481.4
19.04.2024,63799.1
20.04.2024,64961.1
21.04.2024,64940.2
22.04.2024,66829.3
23.04.2024,66415.0
24.04.2024,64285.7
25.04.2024,64497.1
26.04.2024,63766.4
27.04.2024,63456.8
28.04.2024,63109.7
29.04.2024,63860.1
30.04.2024,60666.6
01.05.2024,58331.2
02.05.2024,59121.3
03.05.2024,62877.5
04.05.2024,63888.3
05.05.2024,64006.4
06.05.2024,63163.1
07.05.2024,62317.7
08.05.2024,61207.5
09.05.2024,63075.0
10.05.2024,60796.9
11.05.2024,60826.6
12.05.2024,61480.0
13.05.2024,62937.2
14.05.2024,61569.4
15.05.2024,66225.1
16.05.2024,65231.0
17.05.2024,67036.8
18.05.2024,66917.5
19.05.2024,66279.1
20.05.2024,71422.7
21.05.2024,70139.9
22.05.2024,69155.4
23.05.2024,67975.7
24.05.2024,68547.6
25.05.2024,69284.4
26.05.2024,68514.8
27.05.2024,69428.7
28.05.2024,68366.0
29.05.2024,67635.8
30.05.2024,68354.7
31.05.2024,67530.1
01.06.2024,67760.8
02.06.2024,67773.5
03.06.2024,68807.8
04.06.2024,70549.2
05.06.2024,71083.7
06.06.2024,70791.5
07.06.2024,69347.9
08.06.2024,69310.1
09.06.2024,69650.6
10.06.2024,69538.2
11.06.2024,67319.8
12.06.2024,68260.1
13.06.2024,66773.1
14.06.2024,66034.8
15.06.2024,66223.0
16.06.2024,66674.7
17.06.2024,66498.8
18.06.2024,65159.9
19.06.2024,64980.9
20.06.2024,64854.3
21.06.2024,64128.5
22.06.2024,64261.0
23.06.2024,63196.2
24.06.2024,60292.7
25.06.2024,61809.4
26.06.2024,60849.4
27.06.2024,61685.3
28.06.2024,60403.3
29.06.2024,60973.4
30.06.2024,62754.3
01.07.2024,62890.1
02.07.2024,62103.3
03.07.2024,60199.3
04.07.2024,57026.3
05.07.2024,56641.8
06.07.2024,58259.2
07.07.2024,55861.1
08.07.2024,56724.7
09.07.2024,58039.4
10.07.2024,57746.7
11.07.2024,57337.3
12.07.2024,57885.1
13.07.2024,59209.8
14.07.2024,60794.9
15.07.2024,64782.4
16.07.2024,65049.7
17.07.2024,64089.2
18.07.2024,63980.5
19.07.2024,66677.4
20.07.2024,67148.5
21.07.2024,68158.7
22.07.2024,67553.6
23.07.2024,65937.8
24.07.2024,65370.5
25.07.2024,65799.3
26.07.2024,67908.6
27.07.2024,67843.1
28.07.2024,68256.3
29.07.2024,66798.7
30.07.2024,66184.9
31.07.2024,64626.0
01.08.2024,65372.9
02.08.2024,61478.7
03.08.2024,60696.7
04.08.2024,58141.8
05.08.2024,53979.0
06.08.2024,56057.8
07.08.2024,55120.9
08.08.2024,61699.7
09.08.2024,60850.6
10.08.2024,60931.7
11.08.2024,58713.3
12.08.2024,59350.0
13.08.2024,60595.2
14.08.2024,58707.8
15.08.2024,57534.6
16.08.2024,58877.2
17.08.2024,59483.1
18.08.2024,58446.3
19.08.2024,59470.9
20.08.2024,59005.8
21.08.2024,61158.1
22.08.2024,60372.2
23.08.2024,64053.1
24.08.2024,64159.3
25.08.2024,64273.2
26.08.2024,62846.2
27.08.2024,59450.9
28.08.2024,59016.0
29.08.2024,59373.5
30.08.2024,59119.7
31.08.2024,58978.6
01.09.2024,57315.7
02.09.2024,59134.0
03.09.2024,57479.8
04.09.2024,57973.4
05.09.2024,56183.2
06.09.2024,53966.8
07.09.2024,54156.5
08.09.2024,54861.3
09.09.2024,57049.6
10.09.2024,57635.0
11.09.2024,57338.7
12.09.2024,58134.5
13.09.2024,60511.6
14.09.2024,59995.4
15.09.2024,59138.5
16.09.2024,58213.1
17.09.2024,60309.1
18.09.2024,61757.6
19.09.2024,62938.6
20.09.2024,63201.2
21.09.2024,63348.1
22.09.2024,63572.7
23.09.2024,63331.8
24.09.2024,64256.8
25.09.2024,63156.5
26.09.2024,65175.7
27.09.2024,65776.3
28.09.2024,65866.5
29.09.2024,65607.1
30.09.2024,63339.2
01.10.2024,60835.5
02.10.2024,60645.7
03.10.2024,60751.2
04.10.2024,62081.0
05.10.2024,62061.4
06.10.2024,62819.4
07.10.2024,62245.6
08.10.2024,62157.0
09.10.2024,60628.8
10.10.2024,60316.2
11.10.2024,62499.4
12.10.2024,63205.1
13.10.2024,62870.9
14.10.2024,66081.7
15.10.2024,67077.5
16.10.2024,67617.9
17.10.2024,67418.4
18.10.2024,68423.1
19.10.2024,68372.0
20.10.2024,69030.5
21.10.2024,67371.3
22.10.2024,67427.3
23.10.2024,66663.7
24.10.2024,68191.5
25.10.2024,66696.8
26.10.2024,67086.8
27.10.2024,68004.6
28.10.2024,69954.1
29.10.2024,72730.4
30.10.2024,72347.8
31.10.2024,70281.8
01.11.2024,69507.2
02.11.2024,69325.8
03.11.2024,68769.6
04.11.2024,67848.8
05.11.2024,69373.7
06.11.2024,75586.3
07.11.2024,75868.6
08.11.2024,76517.3
09.11.2024,76700.3
10.11.2024,80388.5
11.11.2024,88664.1
12.11.2024,87941.3
13.11.2024,90422.2
14.11.2024,87294.0
15.11.2024,91046.5
16.11.2024,90539.1
17.11.2024,89833.7
18.11.2024,90478.7
19.11.2024,92239.2
20.11.2024,94303.9
21.11.2024,98374.5
22.11.2024,98929.7
23.11.2024,97699.0
24.11.2024,97935.2
25.11.2024,93064.4
26.11.2024,91977.6
27.11.2024,95886.6
28.11.2024,95645.5
29.11.2024,97438.0
30.11.2024,96405.7
01.12.2024,97201.4
02.12.2024,95846.6
03.12.2024,95898.7
04.12.2024,98635.8
05.12.2024,96970.8
06.12.2024,99760.7
07.12.2024,99837.0
08.12.2024,101115.8
09.12.2024,97359.4
10.12.2024,96600.3
11.12.2024,101126.2
12.12.2024,100009.9
13.12.2024,101426.2
14.12.2024,101417.7
15.12.2024,104443.0
16.12.2024,106057.6
17.12.2024,106138.9
18.12.2024,100197.8
19.12.2024,97466.1
20.12.2024,97795.7
21.12.2024,97253.3
22.12.2024,95183.8
23.12.2024,94852.1
24.12.2024,98668.1
25.12.2024,99391.3
26.12.2024,95777.7
27.12.2024,94275.9
28.12.2024,95284.5
29.12.2024,93716.3
30.12.2024,92779.8
31.12.2024,93557.2
01.01.2025,94560.2
02.01.2025,96960.0
03.01.2025,98167.5
04.01.2025,98219.9
05.01.2025,98347.7
06.01.2025,102248.7
07.01.2025,96929.8
08.01.2025,95066.6
09.01.2025,92539.8
10.01.2025,94724.1
11.01.2025,94612.0
12.01.2025,94541.8
13.01.2025,94536.1
14.01.2025,96542.1
15.01.2025,100499.8
16.01.2025,100004.5
17.01.2025,104084.9
18.01.2025,104536.9
19.01.2025,101319.5
20.01.2025,102197.7
21.01.2025,106157.2
22.01.2025,103684.8
23.01.2025,103912.1
24.01.2025,104862.3
25.01.2025,104742.9
26.01.2025,102637.8
27.01.2025,102091.7
28.01.2025,101349.3
29.01.2025,103722.0
30.01.2025,104726.9
31.01.2025,102424.2
01.02.2025,100648.0
02.02.2025,97684.9
03.02.2025,101337.1
04.02.2025,97793.4
05.02.2025,96595.3
06.02.2025,96568.8
07.02.2025,96513.5
08.02.2025,96447.9
09.02.2025,96469.2
10.02.2025,97434.7
11.02.2025,95771.7
12.02.2025,97881.3
13.02.2025,96610.2
14.02.2025,97504.6
15.02.2025,97573.4
16.02.2025,96132.1
17.02.2025,95781.3
18.02.2025,95638.0
19.02.2025,96644.8
20.02.2025,98310.3
21.02.2025,96155.6
22.02.2025,96556.1
23.02.2025,96258.8
24.02.2025,91508.5
25.02.2025,88686.0
26.02.2025,84212.7
27.02.2025,84714.6
28.02.2025,84381.2
01.03.2025,86071.6
02.03.2025,94265.1
03.03.2025,86209.7
04.03.2025,87266.3
05.03.2025,90611.7
06.03.2025,89930.9
07.03.2025,86531.2
08.03.2025,86221.9
09.03.2025,80691.6
10.03.2025,78575.9
11.03.2025,82921.1
12.03.2025,83664.3
13.03.2025,81100.2
14.03.2025,83977.1
15.03.2025,84341.3
16.03.2025,82578.4
17.03.2025,84019.1
18.03.2025,82719.1
19.03.2025,86841.0
20.03.2025,84208.1
21.03.2025,84073.3
22.03.2025,83840.5
23.03.2025,86077.4
24.03.2025,87490.0
25.03.2025,87404.0
26.03.2025,86912.0
27.03.2025,87228.2
28.03.2025,84410.4
29.03.2025,82645.7
30.03.2025,82371.6
31.03.2025,82548.8
01.04.2025,85164.2
02.04.2025,82525.0
03.04.2025,83159.4
04.04.2025,83866.7
05.04.2025,83552.1
06.04.2025,78391.3
07.04.2025,79162.5
08.04.2025,76312.5
09.04.2025,82607.0
10.04.2025,79607.5
11.04.2025,83413.1
12.04.2025,85292.7
13.04.2025,83734.4
14.04.2025,84586.4
15.04.2025,83647.0
16.04.2025,84032.2
17.04.2025,84940.0
18.04.2025,84474.6
19.04.2025,85068.1
20.04.2025,85179.0
21.04.2025,87516.0
22.04.2025,93441.9
23.04.2025,93697.7
24.04.2025,93980.3
25.04.2025,94676.9
26.04.2025,94631.4
27.04.2025,93742.5
28.04.2025,94995.0
29.04.2025,94269.8
30.04.2025,94184.4
01.05.2025,96499.3
02.05.2025,96894.4
03.05.2025,95885.8
04.05.2025,94316.9
05.05.2025,94745.2
06.05.2025,96825.4
07.05.2025,97035.1
08.05.2025,103274.3
09.05.2025,102975.1
10.05.2025,104798.0
11.05.2025,104119.2
12.05.2025,102795.0
13.05.2025,104119.2
14.05.2025,103513.9
15.05.2025,103765.4
16.05.2025,103480.5
17.05.2025,103112.6
18.05.2025,106504.5
19.05.2025,105391.9
